image_name,label
1.Buy,Buy
2.Sell,Sell
3.Sell,Sell
4.Buy,Buy
5.Buy,Buy
6.Buy,Buy
7.Buy,Buy
8.Buy,Buy
9.Buy,Buy
10.Sell,Sell
11.Sell,Sell
12.Buy,Buy
13.Sell,Sell
14.Sell,Sell
15.Sell,Sell
16.Buy,Buy
17.Buy,Buy
18.Sell,Sell
19.Sell,Sell
20.Sell,Sell
21.Buy,Buy
22.Sell,Sell
23.Sell,Sell
24.Buy,Buy
25.Sell,Sell
26.Sell,Sell
27.Sell,Sell
28.Sell,Sell
29.Buy,Buy
30.Sell,Sell
31.Buy,Buy
32.Sell,Sell
33.Buy,Buy
34.Buy,Buy
35.Buy,Buy
36.Sell,Sell
37.Sell,Sell
38.Sell,Sell
39.Buy,Buy
40.Buy,Buy
41.Buy,Buy
42.Buy,Buy
43.Buy,Buy
44.Buy,Buy
45.Sell,Sell
46.Sell,Sell
47.Buy,Buy
48.Sell,Sell
49.Sell,Sell
50.Sell,Sell
51.Sell,Sell
52.Buy,Buy
53.Sell,Sell
54.Sell,Sell
55.Sell,Sell
56.Buy,Buy
57.Buy,Buy
58.Sell,Sell
59.Buy,Buy
60.Buy,Buy
61.Sell,Sell
62.Sell,Sell
63.Buy,Buy
64.Sell,Sell
65.Sell,Sell
66.Sell,Sell
67.Buy,Buy
68.Buy,Buy
69.Sell,Sell
70.Sell,Sell
71.Sell,Sell
72.Sell,Sell
73.Buy,Buy
74.Buy,Buy
75.Buy,Buy
76.Buy,Buy
77.Sell,Sell
78.Sell,Sell
79.Buy,Buy
80.Sell,Sell
81.Buy,Buy
82.Buy,Buy
83.Sell,Sell
84.Sell,Sell
85.Buy,Buy
86.Buy,Buy
87.Buy,Buy
88.Buy,Buy
89.Sell,Sell
90.Sell,Sell
91.Sell,Sell
92.Buy,Buy
93.Buy,Buy
94.Buy,Buy
95.Buy,Buy
96.Buy,Buy
97.Buy,Buy
98.Buy,Buy
99.Buy,Buy
100.Sell,Sell
101.Sell,Sell
102.Buy,Buy
103.Buy,Buy
104.Sell,Sell
105.Buy,Buy
106.Buy,Buy
107.Sell,Sell
108.Sell,Sell
109.Sell,Sell
110.Sell,Sell
111.Buy,Buy
112.Sell,Sell
113.Buy,Buy
114.Sell,Sell
115.Buy,Buy
116.Sell,Sell
117.Sell,Sell
118.Buy,Buy
119.Buy,Buy
120.Sell,Sell
121.Buy,Buy
122.Buy,Buy
123.Sell,Sell
124.Sell,Sell
125.Sell,Sell
126.Sell,Sell
127.Buy,Buy
128.Sell,Sell
129.Sell,Sell
130.Buy,Buy
131.Sell,Sell
132.Buy,Buy
133.Sell,Sell
134.Buy,Buy
135.Sell,Sell
136.Buy,Buy
137.Sell,Sell
138.Buy,Buy
139.Buy,Buy
140.Sell,Sell
141.Sell,Sell
142.Sell,Sell
143.Sell,Sell
144.Buy,Buy
145.Sell,Sell
146.Buy,Buy
147.Buy,Buy
148.Sell,Sell
149.Buy,Buy
150.Buy,Buy
151.Sell,Sell
152.Sell,Sell
153.Sell,Sell
154.Sell,Sell
155.Buy,Buy
156.Sell,Sell
157.Buy,Buy
158.Sell,Sell
159.Buy,Buy
160.Buy,Buy
161.Buy,Buy
162.Buy,Buy
163.Buy,Buy
164.Sell,Sell
165.Buy,Buy
166.Sell,Sell
167.Buy,Buy
168.Buy,Buy
169.Sell,Sell
170.Sell,Sell
171.Sell,Sell
172.Sell,Sell
173.Sell,Sell
174.Buy,Buy
175.Sell,Sell
176.Buy,Buy
177.Sell,Sell
178.Sell,Sell
179.Sell,Sell
180.Sell,Sell
181.Buy,Buy
182.Buy,Buy
183.Sell,Sell
184.Sell,Sell
185.Sell,Sell
186.Buy,Buy
187.Sell,Sell
188.Sell,Sell
189.Buy,Buy
190.Sell,Sell
191.Buy,Buy
192.Sell,Sell
193.Buy,Buy
194.Sell,Sell
195.Sell,Sell
196.Buy,Buy
197.Sell,Sell
198.Sell,Sell
199.Sell,Sell
200.Buy,Buy
201.Buy,Buy
202.Buy,Buy
203.Sell,Sell
204.Sell,Sell
205.Sell,Sell
206.Sell,Sell
207.Sell,Sell
208.Sell,Sell
209.Sell,Sell
210.Sell,Sell
211.Buy,Buy
212.Sell,Sell
213.Buy,Buy
214.Sell,Sell
215.Sell,Sell
216.Sell,Sell
217.Sell,Sell
218.Sell,Sell
219.Buy,Buy
220.Buy,Buy
221.Sell,Sell
222.Sell,Sell
223.Buy,Buy
224.Buy,Buy
225.Sell,Sell
226.Sell,Sell
227.Buy,Buy
228.Buy,Buy
229.Buy,Buy
230.Sell,Sell
231.Sell,Sell
232.Sell,Sell
233.Buy,Buy
234.Buy,Buy
235.Buy,Buy
236.Buy,Buy
237.Buy,Buy
238.Buy,Buy
239.Buy,Buy
240.Sell,Sell
241.Sell,Sell
242.Buy,Buy
243.Buy,Buy
244.Sell,Sell
245.Sell,Sell
246.Buy,Buy
247.Buy,Buy
248.Buy,Buy
249.Buy,Buy
250.Sell,Sell
251.Buy,Buy
252.Buy,Buy
253.Buy,Buy
254.Sell,Sell
255.Sell,Sell
256.Buy,Buy
257.Buy,Buy
258.Buy,Buy
259.Sell,Sell
260.Sell,Sell
261.Buy,Buy
262.Buy,Buy
263.Buy,Buy
264.Sell,Sell
265.Sell,Sell
266.Buy,Buy
267.Sell,Sell
268.Buy,Buy
269.Buy,Buy
270.Sell,Sell
271.Sell,Sell
272.Sell,Sell
273.Sell,Sell
274.Sell,Sell
275.Sell,Sell
276.Buy,Buy
277.Sell,Sell
278.Buy,Buy
279.Sell,Sell
280.Sell,Sell
281.Sell,Sell
282.Buy,Buy
283.Sell,Sell
284.Sell,Sell
285.Sell,Sell
286.Buy,Buy
287.Sell,Sell
288.Buy,Buy
289.Buy,Buy
290.Sell,Sell
291.Sell,Sell
292.Sell,Sell
293.Sell,Sell
294.Buy,Buy
295.Sell,Sell
296.Sell,Sell
297.Sell,Sell
298.Buy,Buy
299.Buy,Buy
300.Buy,Buy
301.Sell,Sell
302.Sell,Sell
303.Sell,Sell
304.Sell,Sell
305.Buy,Buy
306.Buy,Buy
307.Buy,Buy
308.Buy,Buy
309.Sell,Sell
310.Buy,Buy
311.Buy,Buy
312.Buy,Buy
313.Sell,Sell
314.Buy,Buy
315.Sell,Sell
316.Sell,Sell
317.Buy,Buy
318.Sell,Sell
319.Buy,Buy
320.Buy,Buy
321.Sell,Sell
322.Buy,Buy
323.Sell,Sell
324.Buy,Buy
325.Buy,Buy
326.Sell,Sell
327.Sell,Sell
328.Buy,Buy
329.Buy,Buy
330.Sell,Sell
331.Buy,Buy
332.Sell,Sell
333.Buy,Buy
334.Buy,Buy
335.Sell,Sell
336.Sell,Sell
337.Buy,Buy
338.Buy,Buy
339.Sell,Sell
340.Buy,Buy
341.Buy,Buy
342.Buy,Buy
343.Sell,Sell
344.Buy,Buy
345.Sell,Sell
346.Sell,Sell
347.Buy,Buy
348.Sell,Sell
349.Buy,Buy
350.Buy,Buy
351.Buy,Buy
352.Sell,Sell
353.Buy,Buy
354.Buy,Buy
355.Buy,Buy
356.Buy,Buy
357.Buy,Buy
358.Sell,Sell
359.Buy,Buy
360.Buy,Buy
361.Buy,Buy
362.Sell,Sell
363.Buy,Buy
364.Buy,Buy
365.Buy,Buy
366.Buy,Buy
367.Sell,Sell
368.Sell,Sell
369.Sell,Sell
370.Sell,Sell
371.Buy,Buy
372.Sell,Sell
373.Buy,Buy
374.Buy,Buy
375.Sell,Sell
376.Buy,Buy
377.Buy,Buy
378.Sell,Sell
379.Sell,Sell
380.Buy,Buy
381.Sell,Sell
382.Sell,Sell
383.Buy,Buy
384.Buy,Buy
385.Buy,Buy
386.Buy,Buy
387.Sell,Sell
388.Sell,Sell
389.Buy,Buy
390.Sell,Sell
391.Buy,Buy
392.Sell,Sell
393.Sell,Sell
394.Sell,Sell
395.Buy,Buy
396.Sell,Sell
397.Sell,Sell
398.Buy,Buy
399.Sell,Sell
400.Buy,Buy
401.Buy,Buy
402.Buy,Buy
403.Sell,Sell
404.Buy,Buy
405.Buy,Buy
406.Buy,Buy
407.Sell,Sell
408.Buy,Buy
409.Buy,Buy
410.Buy,Buy
411.Buy,Buy
412.Buy,Buy
413.Sell,Sell
414.Buy,Buy
415.Sell,Sell
416.Sell,Sell
417.Sell,Sell
418.Buy,Buy
419.Sell,Sell
420.Buy,Buy
421.Buy,Buy
422.Sell,Sell
423.Sell,Sell
424.Buy,Buy
425.Sell,Sell
426.Sell,Sell
427.Sell,Sell
428.Buy,Buy
429.Buy,Buy
430.Sell,Sell
431.Sell,Sell
432.Sell,Sell
433.Sell,Sell
434.Sell,Sell
435.Buy,Buy
436.Sell,Sell
437.Sell,Sell
438.Sell,Sell
439.Buy,Buy
440.Buy,Buy
441.Sell,Sell
442.Buy,Buy
443.Buy,Buy
444.Buy,Buy
445.Sell,Sell
446.Buy,Buy
447.Buy,Buy
448.Buy,Buy
449.Sell,Sell
450.Buy,Buy
451.Buy,Buy
452.Sell,Sell
453.Sell,Sell
454.Buy,Buy
455.Buy,Buy
456.Sell,Sell
457.Buy,Buy
458.Sell,Sell
459.Sell,Sell
460.Buy,Buy
461.Buy,Buy
462.Sell,Sell
463.Buy,Buy
464.Buy,Buy
465.Sell,Sell
466.Sell,Sell
467.Sell,Sell
468.Sell,Sell
469.Sell,Sell
470.Sell,Sell
471.Buy,Buy
472.Sell,Sell
473.Sell,Sell
474.Buy,Buy
475.Sell,Sell
476.Buy,Buy
477.Sell,Sell
478.Sell,Sell
479.Buy,Buy
480.Buy,Buy
481.Sell,Sell
482.Buy,Buy
483.Sell,Sell
484.Buy,Buy
485.Sell,Sell
486.Sell,Sell
487.Buy,Buy
488.Sell,Sell
489.Buy,Buy
490.Sell,Sell
491.Sell,Sell
492.Sell,Sell
493.Sell,Sell
494.Buy,Buy
495.Buy,Buy
496.Sell,Sell
497.Buy,Buy
498.Sell,Sell
499.Sell,Sell
500.Buy,Buy
501.Sell,Sell
502.Buy,Buy
503.Sell,Sell
504.Sell,Sell
505.Buy,Buy
506.Sell,Sell
507.Sell,Sell
508.Buy,Buy
509.Sell,Sell
510.Buy,Buy
511.Buy,Buy
512.Buy,Buy
513.Buy,Buy
514.Buy,Buy
515.Sell,Sell
516.Buy,Buy
517.Buy,Buy
518.Buy,Buy
519.Sell,Sell
520.Buy,Buy
521.Sell,Sell
522.Buy,Buy
523.Sell,Sell
524.Sell,Sell
525.Buy,Buy
526.Sell,Sell
527.Sell,Sell
528.Sell,Sell
529.Sell,Sell
530.Buy,Buy
531.Buy,Buy
532.Buy,Buy
533.Sell,Sell
534.Sell,Sell
535.Sell,Sell
536.Sell,Sell
537.Buy,Buy
538.Sell,Sell
539.Buy,Buy
540.Sell,Sell
541.Sell,Sell
542.Sell,Sell
543.Sell,Sell
544.Buy,Buy
545.Buy,Buy
546.Sell,Sell
547.Buy,Buy
548.Buy,Buy
549.Sell,Sell
550.Buy,Buy
551.Sell,Sell
552.Sell,Sell
553.Buy,Buy
554.Sell,Sell
555.Sell,Sell
556.Sell,Sell
557.Sell,Sell
558.Buy,Buy
559.Buy,Buy
560.Buy,Buy
561.Sell,Sell
562.Sell,Sell
563.Sell,Sell
564.Buy,Buy
565.Sell,Sell
566.Sell,Sell
567.Buy,Buy
568.Sell,Sell
569.Buy,Buy
570.Sell,Sell
571.Buy,Buy
572.Buy,Buy
573.Sell,Sell
574.Sell,Sell
575.Buy,Buy
576.Buy,Buy
577.Buy,Buy
578.Sell,Sell
579.Buy,Buy
580.Buy,Buy
581.Sell,Sell
582.Sell,Sell
583.Sell,Sell
584.Sell,Sell
585.Sell,Sell
586.Sell,Sell
587.Buy,Buy
588.Buy,Buy
589.Sell,Sell
590.Buy,Buy
591.Sell,Sell
592.Sell,Sell
593.Buy,Buy
594.Buy,Buy
595.Buy,Buy
596.Sell,Sell
597.Buy,Buy
598.Buy,Buy
599.Sell,Sell
600.Sell,Sell
601.Sell,Sell
602.Buy,Buy
603.Buy,Buy
604.Sell,Sell
605.Sell,Sell
606.Sell,Sell
607.Sell,Sell
608.Buy,Buy
609.Buy,Buy
610.Buy,Buy
611.Sell,Sell
612.Sell,Sell
613.Buy,Buy
614.Sell,Sell
615.Sell,Sell
616.Buy,Buy
617.Buy,Buy
618.Buy,Buy
619.Sell,Sell
620.Sell,Sell
621.Sell,Sell
622.Sell,Sell
623.Buy,Buy
624.Sell,Sell
625.Sell,Sell
626.Sell,Sell
627.Sell,Sell
628.Buy,Buy
629.Sell,Sell
630.Sell,Sell
631.Sell,Sell
632.Sell,Sell
633.Sell,Sell
634.Buy,Buy
635.Sell,Sell
636.Buy,Buy
637.Sell,Sell
638.Buy,Buy
639.Sell,Sell
640.Sell,Sell
641.Sell,Sell
642.Sell,Sell
643.Buy,Buy
644.Buy,Buy
645.Buy,Buy
646.Buy,Buy
647.Sell,Sell
648.Sell,Sell
649.Sell,Sell
650.Sell,Sell
651.Sell,Sell
652.Buy,Buy
653.Buy,Buy
654.Sell,Sell
655.Sell,Sell
656.Sell,Sell
657.Buy,Buy
658.Sell,Sell
659.Sell,Sell
660.Sell,Sell
661.Sell,Sell
662.Buy,Buy
663.Buy,Buy
664.Sell,Sell
665.Sell,Sell
666.Sell,Sell
667.Buy,Buy
668.Sell,Sell
669.Sell,Sell
670.Buy,Buy
671.Buy,Buy
672.Sell,Sell
673.Sell,Sell
674.Sell,Sell
675.Sell,Sell
676.Buy,Buy
677.Buy,Buy
678.Buy,Buy
679.Buy,Buy
680.Sell,Sell
681.Buy,Buy
682.Sell,Sell
683.Sell,Sell
684.Buy,Buy
685.Sell,Sell
686.Sell,Sell
687.Sell,Sell
688.Buy,Buy
689.Sell,Sell
690.Sell,Sell
691.Sell,Sell
692.Buy,Buy
693.Buy,Buy
694.Buy,Buy
695.Sell,Sell
696.Sell,Sell
697.Sell,Sell
698.Sell,Sell
699.Buy,Buy
700.Buy,Buy
701.Buy,Buy
702.Sell,Sell
703.Sell,Sell
704.Buy,Buy
705.Sell,Sell
706.Buy,Buy
707.Sell,Sell
708.Buy,Buy
709.Buy,Buy
710.Sell,Sell
711.Buy,Buy
712.Sell,Sell
713.Buy,Buy
714.Buy,Buy
715.Sell,Sell
716.Buy,Buy
717.Sell,Sell
718.Buy,Buy
719.Sell,Sell
720.Sell,Sell
721.Sell,Sell
722.Buy,Buy
723.Buy,Buy
724.Sell,Sell
725.Buy,Buy
726.Buy,Buy
727.Buy,Buy
728.Buy,Buy
729.Sell,Sell
730.Sell,Sell
731.Sell,Sell
732.Buy,Buy
733.Sell,Sell
734.Buy,Buy
735.Sell,Sell
736.Sell,Sell
737.Buy,Buy
738.Sell,Sell
739.Sell,Sell
740.Buy,Buy
741.Sell,Sell
742.Sell,Sell
743.Sell,Sell
744.Buy,Buy
745.Sell,Sell
746.Sell,Sell
747.Sell,Sell
748.Sell,Sell
749.Buy,Buy
750.Sell,Sell
751.Sell,Sell
752.Buy,Buy
753.Sell,Sell
754.Buy,Buy
755.Sell,Sell
756.Sell,Sell
757.Buy,Buy
758.Sell,Sell
759.Sell,Sell
760.Sell,Sell
761.Sell,Sell
762.Buy,Buy
763.Sell,Sell
764.Sell,Sell
765.Buy,Buy
766.Sell,Sell
767.Buy,Buy
768.Buy,Buy
769.Buy,Buy
770.Sell,Sell
771.Buy,Buy
772.Sell,Sell
773.Sell,Sell
774.Sell,Sell
775.Sell,Sell
776.Buy,Buy
777.Sell,Sell
778.Sell,Sell
779.Buy,Buy
780.Sell,Sell
781.Buy,Buy
782.Buy,Buy
783.Sell,Sell
784.Buy,Buy
785.Buy,Buy
786.Buy,Buy
787.Sell,Sell
788.Buy,Buy
789.Sell,Sell
790.Sell,Sell
791.Buy,Buy
792.Buy,Buy
793.Buy,Buy
794.Sell,Sell
795.Sell,Sell
796.Buy,Buy
797.Buy,Buy
798.Sell,Sell
799.Buy,Buy
800.Buy,Buy
801.Sell,Sell
802.Sell,Sell
803.Sell,Sell
804.Sell,Sell
805.Buy,Buy
806.Buy,Buy
807.Sell,Sell
808.Buy,Buy
809.Sell,Sell
810.Buy,Buy
811.Sell,Sell
812.Buy,Buy
813.Buy,Buy
814.Sell,Sell
815.Buy,Buy
816.Sell,Sell
817.Sell,Sell
818.Sell,Sell
819.Buy,Buy
820.Buy,Buy
821.Sell,Sell
822.Sell,Sell
823.Sell,Sell
824.Sell,Sell
825.Sell,Sell
826.Sell,Sell
827.Sell,Sell
828.Buy,Buy
829.Buy,Buy
830.Buy,Buy
831.Buy,Buy
832.Sell,Sell
833.Sell,Sell
834.Sell,Sell
835.Buy,Buy
836.Buy,Buy
837.Sell,Sell
838.Buy,Buy
839.Sell,Sell
840.Buy,Buy
841.Sell,Sell
842.Sell,Sell
843.Sell,Sell
844.Sell,Sell
845.Buy,Buy
846.Buy,Buy
847.Sell,Sell
848.Sell,Sell
849.Buy,Buy
850.Buy,Buy
851.Buy,Buy
852.Sell,Sell
853.Buy,Buy
854.Buy,Buy
855.Buy,Buy
856.Sell,Sell
857.Sell,Sell
858.Buy,Buy
859.Sell,Sell
860.Buy,Buy
861.Buy,Buy
862.Sell,Sell
863.Sell,Sell
864.Sell,Sell
865.Sell,Sell
866.Sell,Sell
867.Buy,Buy
868.Buy,Buy
869.Sell,Sell
870.Buy,Buy
871.Sell,Sell
872.Sell,Sell
873.Buy,Buy
874.Buy,Buy
875.Buy,Buy
876.Buy,Buy
877.Buy,Buy
878.Sell,Sell
879.Sell,Sell
880.Buy,Buy
881.Buy,Buy
882.Buy,Buy
883.Buy,Buy
884.Buy,Buy
885.Buy,Buy
886.Sell,Sell
887.Buy,Buy
888.Buy,Buy
889.Sell,Sell
890.Buy,Buy
891.Sell,Sell
892.Buy,Buy
893.Buy,Buy
894.Sell,Sell
895.Sell,Sell
896.Sell,Sell
897.Buy,Buy
898.Buy,Buy
899.Sell,Sell
900.Sell,Sell
901.Buy,Buy
902.Buy,Buy
903.Buy,Buy
904.Sell,Sell
905.Buy,Buy
906.Buy,Buy
907.Sell,Sell
908.Sell,Sell
909.Buy,Buy
910.Buy,Buy
911.Sell,Sell
912.Buy,Buy
913.Sell,Sell
914.Sell,Sell
915.Buy,Buy
916.Buy,Buy
917.Buy,Buy
918.Sell,Sell
919.Sell,Sell
920.Buy,Buy
921.Buy,Buy
922.Sell,Sell
923.Buy,Buy
924.Buy,Buy
925.Sell,Sell
926.Sell,Sell
927.Sell,Sell
928.Buy,Buy
929.Sell,Sell
930.Buy,Buy
931.Buy,Buy
932.Sell,Sell
933.Sell,Sell
934.Buy,Buy
935.Sell,Sell
936.Buy,Buy
937.Sell,Sell
938.Buy,Buy
939.Sell,Sell
940.Buy,Buy
941.Buy,Buy
942.Sell,Sell
943.Sell,Sell
944.Buy,Buy
945.Buy,Buy
946.Sell,Sell
947.Buy,Buy
948.Buy,Buy
949.Sell,Sell
950.Sell,Sell
951.Sell,Sell
952.Buy,Buy
953.Buy,Buy
954.Sell,Sell
955.Sell,Sell
956.Buy,Buy
957.Buy,Buy
958.Sell,Sell
959.Sell,Sell
960.Buy,Buy
961.Buy,Buy
962.Buy,Buy
963.Buy,Buy
964.Buy,Buy
965.Buy,Buy
966.Buy,Buy
967.Sell,Sell
968.Buy,Buy
969.Buy,Buy
970.Buy,Buy
971.Buy,Buy
972.Buy,Buy
973.Sell,Sell
974.Buy,Buy
975.Sell,Sell
976.Sell,Sell
977.Sell,Sell
978.Sell,Sell
979.Sell,Sell
980.Sell,Sell
981.Buy,Buy
982.Sell,Sell
983.Sell,Sell
984.Buy,Buy
985.Sell,Sell
986.Sell,Sell
987.Sell,Sell
988.Buy,Buy
989.Sell,Sell
990.Sell,Sell
991.Sell,Sell
992.Buy,Buy
993.Buy,Buy
994.Sell,Sell
995.Buy,Buy
996.Sell,Sell
997.Sell,Sell
998.Sell,Sell
999.Sell,Sell
1000.Sell,Sell
1001.Buy,Buy
1002.Sell,Sell
1003.Sell,Sell
1004.Sell,Sell
1005.Sell,Sell
1006.Sell,Sell
1007.Sell,Sell
1008.Buy,Buy
1009.Sell,Sell
1010.Buy,Buy
1011.Buy,Buy
1012.Sell,Sell
1013.Buy,Buy
1014.Sell,Sell
1015.Buy,Buy
1016.Sell,Sell
1017.Buy,Buy
1018.Buy,Buy
1019.Sell,Sell
1020.Sell,Sell
1021.Buy,Buy
1022.Sell,Sell
1023.Sell,Sell
1024.Sell,Sell
1025.Sell,Sell
1026.Sell,Sell
1027.Buy,Buy
1028.Buy,Buy
1029.Sell,Sell
1030.Sell,Sell
1031.Buy,Buy
1032.Sell,Sell
1033.Sell,Sell
1034.Sell,Sell
1035.Sell,Sell
1036.Sell,Sell
1037.Sell,Sell
1038.Sell,Sell
1039.Sell,Sell
1040.Buy,Buy
1041.Sell,Sell
1042.Sell,Sell
1043.Sell,Sell
1044.Buy,Buy
1045.Sell,Sell
1046.Buy,Buy
1047.Buy,Buy
1048.Buy,Buy
1049.Buy,Buy
1050.Buy,Buy
1051.Sell,Sell
1052.Buy,Buy
1053.Sell,Sell
1054.Sell,Sell
1055.Sell,Sell
1056.Buy,Buy
1057.Buy,Buy
1058.Sell,Sell
1059.Sell,Sell
1060.Sell,Sell
1061.Sell,Sell
1062.Sell,Sell
1063.Buy,Buy
1064.Sell,Sell
1065.Sell,Sell
1066.Sell,Sell
1067.Buy,Buy
1068.Buy,Buy
1069.Sell,Sell
1070.Buy,Buy
1071.Sell,Sell
1072.Buy,Buy
1073.Sell,Sell
1074.Buy,Buy
1075.Buy,Buy
1076.Sell,Sell
1077.Sell,Sell
1078.Buy,Buy
1079.Buy,Buy
1080.Buy,Buy
1081.Buy,Buy
1082.Sell,Sell
1083.Sell,Sell
1084.Buy,Buy
1085.Sell,Sell
1086.Buy,Buy
1087.Buy,Buy
1088.Sell,Sell
1089.Buy,Buy
1090.Buy,Buy
1091.Buy,Buy
1092.Sell,Sell
1093.Buy,Buy
1094.Buy,Buy
1095.Buy,Buy
1096.Buy,Buy
1097.Sell,Sell
1098.Buy,Buy
1099.Buy,Buy
1100.Buy,Buy
1101.Buy,Buy
1102.Buy,Buy
1103.Buy,Buy
1104.Sell,Sell
1105.Sell,Sell
1106.Sell,Sell
1107.Buy,Buy
1108.Sell,Sell
1109.Buy,Buy
1110.Sell,Sell
1111.Sell,Sell
1112.Sell,Sell
1113.Buy,Buy
1114.Sell,Sell
1115.Sell,Sell
1116.Sell,Sell
1117.Buy,Buy
1118.Sell,Sell
1119.Buy,Buy
1120.Sell,Sell
1121.Sell,Sell
1122.Sell,Sell
1123.Sell,Sell
1124.Buy,Buy
1125.Buy,Buy
1126.Buy,Buy
1127.Buy,Buy
1128.Sell,Sell
1129.Buy,Buy
1130.Buy,Buy
1131.Sell,Sell
1132.Sell,Sell
1133.Buy,Buy
1134.Buy,Buy
1135.Sell,Sell
1136.Buy,Buy
1137.Buy,Buy
1138.Sell,Sell
1139.Sell,Sell
1140.Buy,Buy
1141.Sell,Sell
1142.Buy,Buy
1143.Buy,Buy
1144.Buy,Buy
1145.Sell,Sell
1146.Sell,Sell
1147.Sell,Sell
1148.Sell,Sell
1149.Buy,Buy
1150.Sell,Sell
1151.Buy,Buy
1152.Sell,Sell
1153.Sell,Sell
1154.Buy,Buy
1155.Sell,Sell
1156.Sell,Sell
1157.Sell,Sell
1158.Buy,Buy
1159.Buy,Buy
1160.Buy,Buy
1161.Buy,Buy
1162.Buy,Buy
1163.Buy,Buy
1164.Sell,Sell
1165.Buy,Buy
1166.Sell,Sell
1167.Buy,Buy
1168.Sell,Sell
1169.Sell,Sell
1170.Sell,Sell
1171.Buy,Buy
1172.Sell,Sell
1173.Buy,Buy
1174.Buy,Buy
1175.Sell,Sell
1176.Sell,Sell
1177.Sell,Sell
1178.Sell,Sell
1179.Buy,Buy
1180.Buy,Buy
1181.Buy,Buy
1182.Sell,Sell
1183.Buy,Buy
1184.Sell,Sell
1185.Buy,Buy
1186.Buy,Buy
1187.Sell,Sell
1188.Buy,Buy
1189.Sell,Sell
1190.Sell,Sell
1191.Sell,Sell
1192.Buy,Buy
1193.Sell,Sell
1194.Buy,Buy
1195.Buy,Buy
1196.Buy,Buy
1197.Buy,Buy
1198.Sell,Sell
1199.Sell,Sell
1200.Sell,Sell
1201.Buy,Buy
1202.Buy,Buy
1203.Sell,Sell
1204.Sell,Sell
1205.Buy,Buy
1206.Sell,Sell
1207.Sell,Sell
1208.Buy,Buy
1209.Sell,Sell
1210.Sell,Sell
1211.Sell,Sell
1212.Sell,Sell
1213.Sell,Sell
1214.Sell,Sell
1215.Sell,Sell
1216.Sell,Sell
1217.Buy,Buy
1218.Buy,Buy
1219.Sell,Sell
1220.Buy,Buy
1221.Sell,Sell
1222.Sell,Sell
1223.Buy,Buy
1224.Buy,Buy
1225.Buy,Buy
1226.Sell,Sell
1227.Sell,Sell
1228.Buy,Buy
1229.Buy,Buy
1230.Sell,Sell
1231.Buy,Buy
1232.Buy,Buy
1233.Buy,Buy
1234.Sell,Sell
1235.Sell,Sell
1236.Buy,Buy
1237.Sell,Sell
1238.Sell,Sell
1239.Buy,Buy
1240.Sell,Sell
1241.Sell,Sell
1242.Sell,Sell
1243.Sell,Sell
1244.Buy,Buy
1245.Sell,Sell
1246.Buy,Buy
1247.Sell,Sell
1248.Buy,Buy
1249.Buy,Buy
1250.Sell,Sell
1251.Sell,Sell
1252.Buy,Buy
1253.Buy,Buy
1254.Sell,Sell
1255.Sell,Sell
1256.Sell,Sell
1257.Sell,Sell
1258.Sell,Sell
1259.Sell,Sell
1260.Buy,Buy
1261.Buy,Buy
1262.Buy,Buy
1263.Sell,Sell
1264.Sell,Sell
1265.Sell,Sell
1266.Sell,Sell
1267.Buy,Buy
1268.Buy,Buy
1269.Sell,Sell
1270.Sell,Sell
1271.Sell,Sell
1272.Buy,Buy
1273.Buy,Buy
1274.Buy,Buy
1275.Sell,Sell
1276.Buy,Buy
1277.Buy,Buy
1278.Buy,Buy
1279.Sell,Sell
1280.Buy,Buy
1281.Buy,Buy
1282.Buy,Buy
1283.Sell,Sell
1284.Sell,Sell
1285.Sell,Sell
1286.Buy,Buy
1287.Sell,Sell
1288.Buy,Buy
1289.Sell,Sell
1290.Buy,Buy
1291.Sell,Sell
1292.Buy,Buy
1293.Buy,Buy
1294.Buy,Buy
1295.Buy,Buy
1296.Buy,Buy
1297.Buy,Buy
1298.Sell,Sell
1299.Buy,Buy
1300.Sell,Sell
1301.Sell,Sell
1302.Buy,Buy
1303.Sell,Sell
1304.Sell,Sell
1305.Sell,Sell
1306.Sell,Sell
1307.Buy,Buy
1308.Buy,Buy
1309.Sell,Sell
1310.Buy,Buy
1311.Sell,Sell
1312.Sell,Sell
1313.Buy,Buy
1314.Buy,Buy
1315.Sell,Sell
1316.Sell,Sell
1317.Buy,Buy
1318.Buy,Buy
1319.Sell,Sell
1320.Buy,Buy
1321.Sell,Sell
1322.Buy,Buy
1323.Buy,Buy
1324.Sell,Sell
1325.Buy,Buy
1326.Buy,Buy
1327.Buy,Buy
1328.Buy,Buy
1329.Sell,Sell
1330.Buy,Buy
1331.Sell,Sell
1332.Sell,Sell
1333.Buy,Buy
1334.Sell,Sell
1335.Buy,Buy
1336.Sell,Sell
1337.Sell,Sell
1338.Sell,Sell
1339.Sell,Sell
1340.Buy,Buy
1341.Sell,Sell
1342.Buy,Buy
1343.Sell,Sell
1344.Sell,Sell
1345.Buy,Buy
1346.Sell,Sell
1347.Buy,Buy
1348.Sell,Sell
1349.Buy,Buy
1350.Sell,Sell
1351.Sell,Sell
1352.Buy,Buy
1353.Buy,Buy
1354.Buy,Buy
1355.Buy,Buy
1356.Buy,Buy
1357.Buy,Buy
1358.Sell,Sell
1359.Buy,Buy
1360.Sell,Sell
1361.Sell,Sell
1362.Sell,Sell
1363.Sell,Sell
1364.Sell,Sell
1365.Buy,Buy
1366.Buy,Buy
1367.Sell,Sell
1368.Buy,Buy
1369.Buy,Buy
1370.Sell,Sell
1371.Sell,Sell
1372.Sell,Sell
1373.Buy,Buy
1374.Buy,Buy
1375.Sell,Sell
1376.Buy,Buy
1377.Buy,Buy
1378.Sell,Sell
1379.Sell,Sell
1380.Sell,Sell
1381.Buy,Buy
1382.Sell,Sell
1383.Sell,Sell
1384.Sell,Sell
1385.Sell,Sell
1386.Buy,Buy
1387.Buy,Buy
1388.Buy,Buy
1389.Sell,Sell
1390.Buy,Buy
1391.Buy,Buy
1392.Buy,Buy
1393.Buy,Buy
1394.Sell,Sell
1395.Buy,Buy
1396.Buy,Buy
1397.Buy,Buy
1398.Buy,Buy
1399.Sell,Sell
1400.Sell,Sell
1401.Buy,Buy
1402.Sell,Sell
1403.Buy,Buy
1404.Sell,Sell
1405.Buy,Buy
1406.Buy,Buy
1407.Buy,Buy
1408.Buy,Buy
1409.Buy,Buy
1410.Sell,Sell
1411.Sell,Sell
1412.Buy,Buy
1413.Sell,Sell
1414.Sell,Sell
1415.Buy,Buy
1416.Sell,Sell
1417.Buy,Buy
1418.Buy,Buy
1419.Sell,Sell
1420.Buy,Buy
1421.Buy,Buy
1422.Sell,Sell
1423.Buy,Buy
1424.Sell,Sell
1425.Buy,Buy
1426.Sell,Sell
1427.Sell,Sell
1428.Sell,Sell
1429.Sell,Sell
1430.Sell,Sell
1431.Sell,Sell
1432.Buy,Buy
1433.Buy,Buy
1434.Buy,Buy
1435.Buy,Buy
1436.Sell,Sell
1437.Sell,Sell
1438.Sell,Sell
1439.Buy,Buy
1440.Buy,Buy
1441.Buy,Buy
1442.Sell,Sell
1443.Buy,Buy
1444.Sell,Sell
1445.Buy,Buy
1446.Buy,Buy
1447.Sell,Sell
1448.Buy,Buy
1449.Buy,Buy
1450.Buy,Buy
1451.Buy,Buy
1452.Sell,Sell
1453.Buy,Buy
1454.Sell,Sell
1455.Sell,Sell
1456.Buy,Buy
1457.Buy,Buy
1458.Buy,Buy
1459.Sell,Sell
1460.Sell,Sell
1461.Sell,Sell
1462.Sell,Sell
1463.Sell,Sell
1464.Buy,Buy
1465.Sell,Sell
1466.Sell,Sell
1467.Buy,Buy
1468.Buy,Buy
1469.Buy,Buy
1470.Buy,Buy
1471.Buy,Buy
1472.Buy,Buy
1473.Sell,Sell
1474.Sell,Sell
1475.Sell,Sell
1476.Sell,Sell
1477.Buy,Buy
1478.Buy,Buy
1479.Buy,Buy
1480.Sell,Sell
1481.Buy,Buy
1482.Sell,Sell
1483.Sell,Sell
1484.Buy,Buy
1485.Buy,Buy
1486.Buy,Buy
1487.Buy,Buy
1488.Buy,Buy
1489.Sell,Sell
1490.Buy,Buy
1491.Sell,Sell
1492.Sell,Sell
1493.Sell,Sell
1494.Sell,Sell
1495.Sell,Sell
1496.Buy,Buy
1497.Sell,Sell
1498.Buy,Buy
1499.Buy,Buy
1500.Sell,Sell
1501.Buy,Buy
1502.Buy,Buy
1503.Buy,Buy
1504.Buy,Buy
1505.Sell,Sell
1506.Sell,Sell
1507.Sell,Sell
1508.Sell,Sell
1509.Sell,Sell
1510.Buy,Buy
1511.Buy,Buy
1512.Sell,Sell
1513.Buy,Buy
1514.Buy,Buy
1515.Sell,Sell
1516.Sell,Sell
1517.Buy,Buy
1518.Buy,Buy
1519.Sell,Sell
1520.Sell,Sell
1521.Sell,Sell
1522.Buy,Buy
1523.Buy,Buy
1524.Buy,Buy
1525.Sell,Sell
1526.Sell,Sell
1527.Sell,Sell
1528.Sell,Sell
1529.Sell,Sell
1530.Buy,Buy
1531.Buy,Buy
1532.Buy,Buy
1533.Buy,Buy
1534.Buy,Buy
1535.Buy,Buy
1536.Sell,Sell
1537.Sell,Sell
1538.Sell,Sell
1539.Sell,Sell
1540.Buy,Buy
1541.Buy,Buy
1542.Buy,Buy
1543.Sell,Sell
1544.Sell,Sell
1545.Sell,Sell
1546.Sell,Sell
1547.Buy,Buy
1548.Sell,Sell
1549.Sell,Sell
1550.Buy,Buy
1551.Buy,Buy
1552.Sell,Sell
1553.Buy,Buy
1554.Buy,Buy
1555.Buy,Buy
1556.Buy,Buy
1557.Buy,Buy
1558.Buy,Buy
1559.Sell,Sell
1560.Sell,Sell
1561.Buy,Buy
1562.Sell,Sell
1563.Sell,Sell
1564.Sell,Sell
1565.Buy,Buy
1566.Sell,Sell
1567.Sell,Sell
1568.Buy,Buy
1569.Buy,Buy
1570.Sell,Sell
1571.Buy,Buy
1572.Buy,Buy
1573.Sell,Sell
1574.Sell,Sell
1575.Buy,Buy
1576.Sell,Sell
1577.Sell,Sell
1578.Buy,Buy
1579.Buy,Buy
1580.Sell,Sell
1581.Buy,Buy
1582.Sell,Sell
1583.Buy,Buy
1584.Sell,Sell
1585.Sell,Sell
1586.Sell,Sell
1587.Buy,Buy
1588.Buy,Buy
1589.Buy,Buy
1590.Buy,Buy
1591.Sell,Sell
1592.Buy,Buy
1593.Buy,Buy
1594.Sell,Sell
1595.Buy,Buy
1596.Sell,Sell
1597.Sell,Sell
1598.Buy,Buy
1599.Buy,Buy
1600.Buy,Buy
1601.Buy,Buy
1602.Buy,Buy
1603.Sell,Sell
1604.Buy,Buy
1605.Sell,Sell
1606.Buy,Buy
1607.Buy,Buy
1608.Sell,Sell
1609.Sell,Sell
1610.Sell,Sell
1611.Buy,Buy
1612.Sell,Sell
1613.Sell,Sell
1614.Sell,Sell
1615.Sell,Sell
1616.Sell,Sell
1617.Sell,Sell
1618.Sell,Sell
1619.Sell,Sell
1620.Buy,Buy
1621.Sell,Sell
1622.Sell,Sell
1623.Sell,Sell
1624.Sell,Sell
1625.Buy,Buy
1626.Buy,Buy
1627.Sell,Sell
1628.Sell,Sell
1629.Sell,Sell
1630.Buy,Buy
1631.Buy,Buy
1632.Sell,Sell
1633.Sell,Sell
1634.Buy,Buy
1635.Buy,Buy
1636.Sell,Sell
1637.Sell,Sell
1638.Sell,Sell
1639.Sell,Sell
1640.Buy,Buy
1641.Sell,Sell
1642.Buy,Buy
1643.Buy,Buy
1644.Buy,Buy
1645.Buy,Buy
1646.Sell,Sell
1647.Sell,Sell
1648.Sell,Sell
1649.Sell,Sell
1650.Sell,Sell
1651.Buy,Buy
1652.Buy,Buy
1653.Buy,Buy
1654.Buy,Buy
1655.Sell,Sell
1656.Buy,Buy
1657.Sell,Sell
1658.Buy,Buy
1659.Sell,Sell
1660.Buy,Buy
1661.Buy,Buy
1662.Sell,Sell
1663.Sell,Sell
1664.Sell,Sell
1665.Sell,Sell
1666.Sell,Sell
1667.Sell,Sell
1668.Sell,Sell
1669.Sell,Sell
1670.Buy,Buy
1671.Buy,Buy
1672.Buy,Buy
1673.Sell,Sell
1674.Sell,Sell
1675.Buy,Buy
1676.Sell,Sell
1677.Buy,Buy
1678.Buy,Buy
1679.Buy,Buy
1680.Buy,Buy
1681.Sell,Sell
1682.Sell,Sell
1683.Sell,Sell
1684.Buy,Buy
1685.Buy,Buy
1686.Buy,Buy
1687.Sell,Sell
1688.Sell,Sell
1689.Sell,Sell
1690.Sell,Sell
1691.Buy,Buy
1692.Sell,Sell
1693.Sell,Sell
1694.Buy,Buy
1695.Sell,Sell
1696.Buy,Buy
1697.Sell,Sell
1698.Sell,Sell
1699.Sell,Sell
1700.Sell,Sell
1701.Sell,Sell
1702.Buy,Buy
1703.Buy,Buy
1704.Sell,Sell
1705.Buy,Buy
1706.Buy,Buy
1707.Buy,Buy
1708.Sell,Sell
1709.Sell,Sell
1710.Buy,Buy
1711.Sell,Sell
1712.Buy,Buy
1713.Sell,Sell
1714.Sell,Sell
1715.Buy,Buy
1716.Buy,Buy
1717.Buy,Buy
1718.Buy,Buy
1719.Sell,Sell
1720.Sell,Sell
1721.Buy,Buy
1722.Sell,Sell
1723.Buy,Buy
1724.Sell,Sell
1725.Sell,Sell
1726.Sell,Sell
1727.Buy,Buy
1728.Sell,Sell
1729.Sell,Sell
1730.Buy,Buy
1731.Buy,Buy
1732.Sell,Sell
1733.Sell,Sell
1734.Sell,Sell
1735.Sell,Sell
1736.Sell,Sell
1737.Buy,Buy
1738.Buy,Buy
1739.Sell,Sell
1740.Buy,Buy
1741.Sell,Sell
1742.Sell,Sell
1743.Sell,Sell
1744.Buy,Buy
1745.Sell,Sell
1746.Sell,Sell
1747.Sell,Sell
1748.Buy,Buy
1749.Buy,Buy
1750.Sell,Sell
1751.Sell,Sell
1752.Buy,Buy
1753.Sell,Sell
1754.Buy,Buy
1755.Buy,Buy
1756.Buy,Buy
1757.Sell,Sell
1758.Sell,Sell
1759.Buy,Buy
1760.Sell,Sell
1761.Buy,Buy
1762.Buy,Buy
1763.Sell,Sell
1764.Sell,Sell
1765.Buy,Buy
1766.Sell,Sell
1767.Sell,Sell
1768.Buy,Buy
1769.Sell,Sell
1770.Buy,Buy
1771.Sell,Sell
1772.Buy,Buy
1773.Sell,Sell
1774.Sell,Sell
1775.Sell,Sell
1776.Sell,Sell
1777.Sell,Sell
1778.Buy,Buy
1779.Sell,Sell
1780.Sell,Sell
1781.Sell,Sell
1782.Sell,Sell
1783.Buy,Buy
1784.Sell,Sell
1785.Buy,Buy
1786.Sell,Sell
1787.Buy,Buy
1788.Buy,Buy
1789.Sell,Sell
1790.Buy,Buy
1791.Sell,Sell
1792.Buy,Buy
1793.Sell,Sell
1794.Buy,Buy
1795.Buy,Buy
1796.Buy,Buy
1797.Buy,Buy
1798.Sell,Sell
1799.Sell,Sell
1800.Buy,Buy
1801.Sell,Sell
1802.Sell,Sell
1803.Buy,Buy
1804.Buy,Buy
1805.Buy,Buy
1806.Buy,Buy
1807.Buy,Buy
1808.Sell,Sell
1809.Buy,Buy
1810.Buy,Buy
1811.Buy,Buy
1812.Buy,Buy
1813.Buy,Buy
1814.Buy,Buy
1815.Buy,Buy
1816.Sell,Sell
1817.Sell,Sell
1818.Sell,Sell
1819.Buy,Buy
1820.Buy,Buy
1821.Buy,Buy
1822.Buy,Buy
1823.Buy,Buy
1824.Buy,Buy
1825.Buy,Buy
1826.Buy,Buy
1827.Sell,Sell
1828.Sell,Sell
1829.Sell,Sell
1830.Buy,Buy
1831.Buy,Buy
1832.Sell,Sell
1833.Sell,Sell
1834.Sell,Sell
1835.Sell,Sell
1836.Sell,Sell
1837.Sell,Sell
1838.Sell,Sell
1839.Buy,Buy
1840.Sell,Sell
1841.Buy,Buy
1842.Sell,Sell
1843.Buy,Buy
1844.Buy,Buy
1845.Buy,Buy
1846.Sell,Sell
1847.Buy,Buy
1848.Buy,Buy
1849.Buy,Buy
1850.Buy,Buy
1851.Buy,Buy
1852.Sell,Sell
1853.Sell,Sell
1854.Sell,Sell
1855.Sell,Sell
1856.Buy,Buy
1857.Buy,Buy
1858.Sell,Sell
1859.Sell,Sell
1860.Sell,Sell
1861.Sell,Sell
1862.Sell,Sell
1863.Buy,Buy
1864.Sell,Sell
1865.Sell,Sell
1866.Buy,Buy
1867.Buy,Buy
1868.Sell,Sell
1869.Buy,Buy
1870.Buy,Buy
1871.Sell,Sell
1872.Sell,Sell
1873.Sell,Sell
1874.Sell,Sell
1875.Buy,Buy
1876.Sell,Sell
1877.Sell,Sell
1878.Buy,Buy
1879.Buy,Buy
1880.Sell,Sell
1881.Sell,Sell
1882.Buy,Buy
1883.Sell,Sell
1884.Sell,Sell
1885.Buy,Buy
1886.Sell,Sell
1887.Sell,Sell
1888.Buy,Buy
1889.Sell,Sell
1890.Buy,Buy
1891.Sell,Sell
1892.Buy,Buy
1893.Sell,Sell
1894.Buy,Buy
1895.Buy,Buy
1896.Buy,Buy
1897.Buy,Buy
1898.Buy,Buy
1899.Sell,Sell
1900.Sell,Sell
1901.Sell,Sell
1902.Sell,Sell
1903.Sell,Sell
1904.Sell,Sell
1905.Sell,Sell
1906.Sell,Sell
1907.Sell,Sell
1908.Sell,Sell
1909.Buy,Buy
1910.Buy,Buy
1911.Sell,Sell
1912.Buy,Buy
1913.Sell,Sell
1914.Sell,Sell
1915.Sell,Sell
1916.Buy,Buy
1917.Buy,Buy
1918.Sell,Sell
1919.Sell,Sell
1920.Sell,Sell
1921.Sell,Sell
1922.Sell,Sell
1923.Sell,Sell
1924.Sell,Sell
1925.Sell,Sell
1926.Sell,Sell
1927.Buy,Buy
1928.Buy,Buy
1929.Sell,Sell
1930.Buy,Buy
1931.Buy,Buy
1932.Buy,Buy
1933.Sell,Sell
1934.Buy,Buy
1935.Sell,Sell
1936.Buy,Buy
1937.Sell,Sell
1938.Sell,Sell
1939.Buy,Buy
1940.Sell,Sell
1941.Sell,Sell
1942.Sell,Sell
1943.Sell,Sell
1944.Buy,Buy
1945.Sell,Sell
1946.Sell,Sell
1947.Buy,Buy
1948.Buy,Buy
1949.Sell,Sell
1950.Buy,Buy
1951.Sell,Sell
1952.Sell,Sell
1953.Sell,Sell
1954.Buy,Buy
1955.Buy,Buy
1956.Buy,Buy
1957.Buy,Buy
1958.Buy,Buy
1959.Sell,Sell
1960.Buy,Buy
1961.Buy,Buy
1962.Buy,Buy
1963.Sell,Sell
1964.Sell,Sell
1965.Sell,Sell
1966.Buy,Buy
1967.Sell,Sell
1968.Sell,Sell
1969.Buy,Buy
1970.Buy,Buy
1971.Sell,Sell
1972.Buy,Buy
1973.Sell,Sell
1974.Sell,Sell
1975.Sell,Sell
1976.Buy,Buy
1977.Sell,Sell
1978.Buy,Buy
1979.Sell,Sell
1980.Sell,Sell
1981.Sell,Sell
1982.Sell,Sell
1983.Sell,Sell
1984.Sell,Sell
1985.Sell,Sell
1986.Buy,Buy
1987.Buy,Buy
1988.Sell,Sell
1989.Sell,Sell
1990.Buy,Buy
1991.Sell,Sell
1992.Sell,Sell
1993.Sell,Sell
1994.Sell,Sell
1995.Sell,Sell
1996.Sell,Sell
1997.Buy,Buy
1998.Sell,Sell
1999.Sell,Sell
2000.Buy,Buy
2001.Sell,Sell
2002.Sell,Sell
2003.Sell,Sell
2004.Buy,Buy
2005.Buy,Buy
2006.Buy,Buy
2007.Sell,Sell
2008.Buy,Buy
2009.Sell,Sell
2010.Buy,Buy
2011.Sell,Sell
2012.Buy,Buy
2013.Sell,Sell
2014.Buy,Buy
2015.Sell,Sell
2016.Sell,Sell
2017.Sell,Sell
2018.Buy,Buy
2019.Buy,Buy
2020.Sell,Sell
2021.Buy,Buy
2022.Sell,Sell
2023.Sell,Sell
2024.Sell,Sell
2025.Buy,Buy
2026.Buy,Buy
2027.Sell,Sell
2028.Sell,Sell
2029.Sell,Sell
2030.Buy,Buy
2031.Sell,Sell
2032.Buy,Buy
2033.Buy,Buy
2034.Buy,Buy
2035.Buy,Buy
2036.Buy,Buy
2037.Buy,Buy
2038.Sell,Sell
2039.Sell,Sell
2040.Buy,Buy
2041.Buy,Buy
2042.Sell,Sell
2043.Sell,Sell
2044.Buy,Buy
2045.Buy,Buy
2046.Sell,Sell
2047.Sell,Sell
2048.Sell,Sell
2049.Sell,Sell
2050.Buy,Buy
2051.Sell,Sell
2052.Buy,Buy
2053.Buy,Buy
2054.Sell,Sell
2055.Sell,Sell
2056.Sell,Sell
2057.Buy,Buy
2058.Sell,Sell
2059.Sell,Sell
2060.Sell,Sell
2061.Sell,Sell
2062.Buy,Buy
2063.Buy,Buy
2064.Buy,Buy
2065.Sell,Sell
2066.Sell,Sell
2067.Buy,Buy
2068.Buy,Buy
2069.Buy,Buy
2070.Sell,Sell
2071.Sell,Sell
2072.Buy,Buy
2073.Buy,Buy
2074.Buy,Buy
2075.Sell,Sell
2076.Buy,Buy
2077.Buy,Buy
2078.Buy,Buy
2079.Sell,Sell
2080.Sell,Sell
2081.Sell,Sell
2082.Sell,Sell
2083.Sell,Sell
2084.Buy,Buy
2085.Buy,Buy
2086.Buy,Buy
2087.Sell,Sell
2088.Buy,Buy
2089.Buy,Buy
2090.Buy,Buy
2091.Buy,Buy
2092.Sell,Sell
2093.Sell,Sell
2094.Buy,Buy
2095.Buy,Buy
2096.Sell,Sell
2097.Sell,Sell
2098.Buy,Buy
2099.Sell,Sell
2100.Sell,Sell
2101.Buy,Buy
2102.Buy,Buy
2103.Sell,Sell
2104.Buy,Buy
2105.Sell,Sell
2106.Sell,Sell
2107.Sell,Sell
2108.Buy,Buy
2109.Sell,Sell
2110.Buy,Buy
2111.Sell,Sell
2112.Buy,Buy
2113.Buy,Buy
2114.Sell,Sell
2115.Buy,Buy
2116.Buy,Buy
2117.Sell,Sell
2118.Sell,Sell
2119.Buy,Buy
2120.Buy,Buy
2121.Sell,Sell
2122.Sell,Sell
2123.Buy,Buy
2124.Sell,Sell
2125.Sell,Sell
2126.Sell,Sell
2127.Buy,Buy
2128.Buy,Buy
2129.Buy,Buy
2130.Sell,Sell
2131.Buy,Buy
2132.Sell,Sell
2133.Buy,Buy
2134.Sell,Sell
2135.Buy,Buy
2136.Buy,Buy
2137.Sell,Sell
2138.Buy,Buy
2139.Sell,Sell
2140.Buy,Buy
2141.Sell,Sell
2142.Buy,Buy
2143.Sell,Sell
2144.Buy,Buy
2145.Sell,Sell
2146.Sell,Sell
2147.Sell,Sell
2148.Sell,Sell
2149.Sell,Sell
2150.Buy,Buy
2151.Sell,Sell
2152.Sell,Sell
2153.Sell,Sell
2154.Buy,Buy
2155.Sell,Sell
2156.Buy,Buy
2157.Sell,Sell
2158.Buy,Buy
2159.Buy,Buy
2160.Buy,Buy
2161.Sell,Sell
2162.Sell,Sell
2163.Sell,Sell
2164.Sell,Sell
2165.Buy,Buy
2166.Buy,Buy
2167.Buy,Buy
2168.Buy,Buy
2169.Buy,Buy
2170.Sell,Sell
2171.Sell,Sell
2172.Sell,Sell
2173.Buy,Buy
2174.Sell,Sell
2175.Buy,Buy
2176.Buy,Buy
2177.Sell,Sell
2178.Buy,Buy
2179.Sell,Sell
2180.Buy,Buy
2181.Buy,Buy
2182.Sell,Sell
2183.Buy,Buy
2184.Buy,Buy
2185.Sell,Sell
2186.Sell,Sell
2187.Buy,Buy
2188.Sell,Sell
2189.Sell,Sell
2190.Buy,Buy
2191.Sell,Sell
2192.Sell,Sell
2193.Sell,Sell
2194.Sell,Sell
2195.Buy,Buy
2196.Buy,Buy
2197.Sell,Sell
2198.Sell,Sell
2199.Buy,Buy
2200.Sell,Sell
2201.Sell,Sell
2202.Sell,Sell
2203.Buy,Buy
2204.Sell,Sell
2205.Buy,Buy
2206.Sell,Sell
2207.Buy,Buy
2208.Buy,Buy
2209.Buy,Buy
2210.Buy,Buy
2211.Buy,Buy
2212.Buy,Buy
2213.Sell,Sell
2214.Sell,Sell
2215.Buy,Buy
2216.Buy,Buy
2217.Buy,Buy
2218.Sell,Sell
2219.Sell,Sell
2220.Sell,Sell
2221.Sell,Sell
2222.Sell,Sell
2223.Buy,Buy
2224.Sell,Sell
2225.Buy,Buy
2226.Buy,Buy
2227.Buy,Buy
2228.Sell,Sell
2229.Buy,Buy
2230.Buy,Buy
2231.Buy,Buy
2232.Buy,Buy
2233.Sell,Sell
2234.Sell,Sell
2235.Sell,Sell
2236.Sell,Sell
2237.Sell,Sell
2238.Buy,Buy
2239.Sell,Sell
2240.Sell,Sell
2241.Sell,Sell
2242.Buy,Buy
2243.Sell,Sell
2244.Sell,Sell
2245.Sell,Sell
2246.Sell,Sell
2247.Buy,Buy
2248.Sell,Sell
2249.Sell,Sell
2250.Buy,Buy
2251.Buy,Buy
2252.Sell,Sell
2253.Buy,Buy
2254.Buy,Buy
2255.Sell,Sell
2256.Sell,Sell
2257.Buy,Buy
2258.Buy,Buy
2259.Sell,Sell
2260.Buy,Buy
2261.Sell,Sell
2262.Buy,Buy
2263.Sell,Sell
2264.Buy,Buy
2265.Buy,Buy
2266.Buy,Buy
2267.Sell,Sell
2268.Buy,Buy
2269.Sell,Sell
2270.Sell,Sell
2271.Sell,Sell
2272.Buy,Buy
2273.Buy,Buy
2274.Sell,Sell
2275.Sell,Sell
2276.Sell,Sell
2277.Buy,Buy
2278.Buy,Buy
2279.Sell,Sell
2280.Sell,Sell
2281.Buy,Buy
2282.Sell,Sell
2283.Sell,Sell
2284.Buy,Buy
2285.Sell,Sell
2286.Buy,Buy
2287.Buy,Buy
2288.Sell,Sell
2289.Buy,Buy
2290.Sell,Sell
2291.Sell,Sell
2292.Sell,Sell
2293.Sell,Sell
2294.Sell,Sell
2295.Buy,Buy
2296.Sell,Sell
2297.Sell,Sell
2298.Sell,Sell
2299.Sell,Sell
2300.Buy,Buy
2301.Buy,Buy
2302.Sell,Sell
2303.Buy,Buy
2304.Buy,Buy
2305.Buy,Buy
2306.Sell,Sell
2307.Buy,Buy
2308.Buy,Buy
2309.Buy,Buy
2310.Sell,Sell
2311.Buy,Buy
2312.Sell,Sell
2313.Sell,Sell
2314.Buy,Buy
2315.Buy,Buy
2316.Sell,Sell
2317.Sell,Sell
2318.Buy,Buy
2319.Sell,Sell
2320.Sell,Sell
2321.Buy,Buy
2322.Buy,Buy
2323.Buy,Buy
2324.Sell,Sell
2325.Buy,Buy
2326.Buy,Buy
2327.Buy,Buy
2328.Sell,Sell
2329.Buy,Buy
2330.Buy,Buy
2331.Sell,Sell
2332.Buy,Buy
2333.Buy,Buy
2334.Buy,Buy
2335.Buy,Buy
2336.Sell,Sell
2337.Buy,Buy
2338.Sell,Sell
2339.Buy,Buy
2340.Buy,Buy
2341.Sell,Sell
2342.Sell,Sell
2343.Buy,Buy
2344.Sell,Sell
2345.Sell,Sell
2346.Buy,Buy
2347.Buy,Buy
2348.Buy,Buy
2349.Sell,Sell
2350.Buy,Buy
2351.Sell,Sell
2352.Sell,Sell
2353.Buy,Buy
2354.Sell,Sell
2355.Sell,Sell
2356.Buy,Buy
2357.Buy,Buy
2358.Buy,Buy
2359.Sell,Sell
2360.Buy,Buy
2361.Buy,Buy
2362.Buy,Buy
2363.Buy,Buy
2364.Sell,Sell
2365.Sell,Sell
2366.Sell,Sell
2367.Buy,Buy
2368.Sell,Sell
2369.Buy,Buy
2370.Buy,Buy
2371.Sell,Sell
2372.Sell,Sell
2373.Buy,Buy
2374.Buy,Buy
2375.Buy,Buy
2376.Buy,Buy
2377.Buy,Buy
2378.Buy,Buy
2379.Buy,Buy
2380.Buy,Buy
2381.Sell,Sell
2382.Sell,Sell
2383.Buy,Buy
2384.Buy,Buy
2385.Sell,Sell
2386.Sell,Sell
2387.Sell,Sell
2388.Buy,Buy
2389.Buy,Buy
2390.Buy,Buy
2391.Sell,Sell
2392.Sell,Sell
2393.Sell,Sell
2394.Sell,Sell
2395.Buy,Buy
2396.Buy,Buy
2397.Sell,Sell
2398.Buy,Buy
2399.Sell,Sell
2400.Buy,Buy
2401.Buy,Buy
2402.Sell,Sell
2403.Buy,Buy
2404.Sell,Sell
2405.Sell,Sell
2406.Sell,Sell
2407.Sell,Sell
2408.Buy,Buy
2409.Sell,Sell
2410.Buy,Buy
2411.Sell,Sell
2412.Sell,Sell
2413.Buy,Buy
2414.Sell,Sell
2415.Buy,Buy
2416.Sell,Sell
2417.Buy,Buy
2418.Sell,Sell
2419.Sell,Sell
2420.Buy,Buy
2421.Buy,Buy
2422.Buy,Buy
2423.Sell,Sell
2424.Buy,Buy
2425.Buy,Buy
2426.Buy,Buy
2427.Sell,Sell
2428.Buy,Buy
2429.Buy,Buy
2430.Buy,Buy
2431.Buy,Buy
2432.Sell,Sell
2433.Buy,Buy
2434.Sell,Sell
2435.Buy,Buy
2436.Buy,Buy
2437.Sell,Sell
2438.Buy,Buy
2439.Sell,Sell
2440.Buy,Buy
2441.Sell,Sell
2442.Sell,Sell
2443.Sell,Sell
2444.Sell,Sell
2445.Buy,Buy
2446.Sell,Sell
2447.Sell,Sell
2448.Sell,Sell
2449.Buy,Buy
2450.Sell,Sell
2451.Sell,Sell
2452.Sell,Sell
2453.Buy,Buy
2454.Buy,Buy
2455.Buy,Buy
2456.Buy,Buy
2457.Buy,Buy
2458.Sell,Sell
2459.Sell,Sell
2460.Buy,Buy
2461.Sell,Sell
2462.Buy,Buy
2463.Sell,Sell
2464.Buy,Buy
2465.Sell,Sell
2466.Buy,Buy
2467.Sell,Sell
2468.Sell,Sell
2469.Buy,Buy
2470.Buy,Buy
2471.Sell,Sell
2472.Sell,Sell
2473.Buy,Buy
2474.Buy,Buy
2475.Sell,Sell
2476.Sell,Sell
2477.Buy,Buy
2478.Buy,Buy
2479.Sell,Sell
2480.Buy,Buy
2481.Buy,Buy
2482.Buy,Buy
2483.Buy,Buy
2484.Buy,Buy
2485.Buy,Buy
2486.Buy,Buy
2487.Sell,Sell
2488.Buy,Buy
2489.Sell,Sell
2490.Buy,Buy
2491.Buy,Buy
2492.Buy,Buy
2493.Sell,Sell
2494.Sell,Sell
2495.Sell,Sell
2496.Sell,Sell
2497.Buy,Buy
2498.Sell,Sell
2499.Sell,Sell
2500.Sell,Sell
2501.Buy,Buy
2502.Buy,Buy
2503.Sell,Sell
2504.Buy,Buy
2505.Buy,Buy
2506.Sell,Sell
2507.Buy,Buy
2508.Sell,Sell
2509.Buy,Buy
2510.Buy,Buy
2511.Buy,Buy
2512.Buy,Buy
2513.Buy,Buy
2514.Sell,Sell
2515.Buy,Buy
2516.Buy,Buy
2517.Buy,Buy
2518.Sell,Sell
2519.Sell,Sell
2520.Buy,Buy
2521.Buy,Buy
2522.Buy,Buy
2523.Sell,Sell
2524.Buy,Buy
2525.Buy,Buy
2526.Sell,Sell
2527.Buy,Buy
2528.Buy,Buy
2529.Buy,Buy
2530.Sell,Sell
2531.Buy,Buy
2532.Sell,Sell
2533.Buy,Buy
2534.Buy,Buy
2535.Buy,Buy
2536.Sell,Sell
2537.Sell,Sell
2538.Sell,Sell
2539.Sell,Sell
2540.Buy,Buy
2541.Sell,Sell
2542.Buy,Buy
2543.Buy,Buy
2544.Buy,Buy
2545.Buy,Buy
2546.Sell,Sell
2547.Sell,Sell
2548.Sell,Sell
2549.Sell,Sell
2550.Buy,Buy
2551.Buy,Buy
2552.Sell,Sell
2553.Sell,Sell
2554.Sell,Sell
2555.Buy,Buy
2556.Buy,Buy
2557.Buy,Buy
2558.Buy,Buy
2559.Buy,Buy
2560.Sell,Sell
2561.Buy,Buy
2562.Buy,Buy
2563.Buy,Buy
2564.Sell,Sell
2565.Sell,Sell
2566.Buy,Buy
2567.Buy,Buy
2568.Sell,Sell
2569.Buy,Buy
2570.Sell,Sell
2571.Buy,Buy
2572.Buy,Buy
2573.Sell,Sell
2574.Sell,Sell
2575.Sell,Sell
2576.Sell,Sell
2577.Buy,Buy
2578.Buy,Buy
2579.Buy,Buy
2580.Sell,Sell
2581.Buy,Buy
2582.Buy,Buy
2583.Buy,Buy
2584.Buy,Buy
2585.Buy,Buy
2586.Buy,Buy
2587.Buy,Buy
2588.Sell,Sell
2589.Sell,Sell
2590.Sell,Sell
2591.Sell,Sell
2592.Sell,Sell
2593.Buy,Buy
2594.Sell,Sell
2595.Sell,Sell
2596.Sell,Sell
2597.Sell,Sell
2598.Sell,Sell
2599.Sell,Sell
2600.Buy,Buy
2601.Sell,Sell
2602.Buy,Buy
2603.Sell,Sell
2604.Sell,Sell
2605.Sell,Sell
2606.Buy,Buy
2607.Buy,Buy
2608.Sell,Sell
2609.Sell,Sell
2610.Buy,Buy
2611.Sell,Sell
2612.Sell,Sell
2613.Buy,Buy
2614.Sell,Sell
2615.Buy,Buy
2616.Sell,Sell
2617.Buy,Buy
2618.Sell,Sell
2619.Buy,Buy
2620.Buy,Buy
2621.Buy,Buy
